{
    "horizontal_rulings": [
        [25.620499,271.569641,555.960876,271.569641],
        [25.620499,292.052887,555.960876,292.052887],
        [25.620499,308.526276,555.960876,308.526276],
        [25.620499,325.052856,555.960876,325.052856],
        [25.620499,341.526245,555.960876,341.526245],
        [25.620499,358.052917,555.960876,358.052917],
        [25.620499,374.526245,555.960876,374.526245],
        [25.620499,391.052887,555.960876,391.052887],
        [25.620499,407.526245,555.960876,407.526245],
        [25.620499,424.052856,555.960876,424.052856],
        [25.620499,440.526245,555.960876,440.526245],
        [25.620499,457.052856,555.960876,457.052856],
        [25.620499,473.526215,555.960876,473.526215],
        [25.620499,490.052856,555.960876,490.052856],
        [25.620499,506.526245,555.960876,506.526245],
        [25.620499,523.052856,555.960876,523.052856],
        [25.620499,539.526245,555.960876,539.526245],
        [25.620499,556.052856,555.960876,556.052856],
        [25.620499,572.526306,555.960876,572.526306],
        [25.620499,589.052856,555.960876,589.052856],
        [25.620499,605.526306,555.960876,605.526306],
        [25.620499,622.052856,555.960876,622.052856],
        [25.620499,638.526306,555.960876,638.526306],
        [25.620499,655.052856,555.960876,655.052856],
        [25.620499,671.526306,555.960876,671.526306],
        [25.620499,688.052856,555.960876,688.052856],
        [25.620499,704.526306,555.960876,704.526306],
        [25.620499,721.052856,555.960876,721.052856],
        [25.620499,737.526550,555.960876,737.526550],
        [25.620499,754.053101,555.960876,754.053101],
        [25.620499,770.526550,555.960876,770.526550],
        [25.620499,786.899902,555.960754,786.899902]

    ],
    "vertical_rulings": [
        [25.620499,271.569641,25.620499,786.899902],
        [208.800034,271.569641,208.800034,786.899902],
        [390.000000,271.569641,390.000000,786.899902],
        [485.523407,271.569641,485.523407,786.899902],
        [555.960876,271.569641,555.960876,786.899902]
    ]
}
