{
    "cells": [
        [146.51978,119.789444,355.31226,12.938034],
        [159.45781,119.789444,121.92679,12.785446],
        [159.45781,241.71623,46.66426,12.785446],
        [159.45781,288.3805,46.663483,12.785446],
        [159.45781,335.04398,46.66382,12.785446],
        [159.45781,381.7078,46.66336,12.785446],
        [159.45781,428.37115,46.73053,12.785446],
        [172.24326,119.789444,121.92679,12.832428],
        [172.24326,241.71623,46.66426,12.832428],
        [172.24326,288.3805,46.663483,12.832428],
        [172.24326,335.04398,46.66382,12.832428],
        [172.24326,381.7078,46.66336,12.832428],
        [172.24326,428.37115,46.73053,12.832428],
        [185.07568,119.789444,121.92679,12.891037],
        [185.07568,241.71623,46.66426,12.891037],
        [185.07568,288.3805,46.663483,12.891037],
        [185.07568,335.04398,46.66382,12.891037],
        [185.07568,381.7078,46.66336,12.891037],
        [185.07568,428.37115,46.73053,12.891037],
        [197.96672,119.789444,121.92679,12.890411],
        [197.96672,241.71623,46.66426,12.890411],
        [197.96672,288.3805,46.663483,12.890411],
        [197.96672,335.04398,46.66382,12.890411],
        [197.96672,381.7078,46.66336,12.890411],
        [197.96672,428.37115,46.73053,12.890411],
        [210.85713,119.789444,121.92679,12.890717],
        [210.85713,241.71623,46.66426,12.890717],
        [210.85713,288.3805,46.663483,12.890717],
        [210.85713,335.04398,46.66382,12.890717],
        [210.85713,381.7078,46.66336,12.890717],
        [210.85713,428.37115,46.73053,12.890717],
        [223.74785,119.789444,121.92679,12.785095],
        [223.74785,241.71623,46.66426,12.785095],
        [223.74785,288.3805,46.663483,12.785095],
        [223.74785,335.04398,46.66382,12.785095],
        [223.74785,381.7078,46.66336,12.785095],
        [223.74785,428.37115,46.73053,12.785095]],
    "horizontal_rulings": [
        [119.789444,146.519775,475.101685,146.519775],
        [119.789444,159.457809,475.101685,159.457809],
        [119.789444,172.243256,475.101685,172.243256],
        [119.789444,185.075684,475.101685,185.075684],
        [119.789444,197.966721,475.101685,197.966721],
        [119.789444,210.857132,475.101685,210.857132],
        [119.789444,223.747849,475.101685,223.747849]
    ],
    "vertical_rulings": [
        [119.789444,146.519775,119.789444,417.070923],
        [241.716232,159.457809,241.716232,236.532944],
        [241.716232,249.635406,241.716232,326.710388],
        [241.716232,339.754456,241.716232,417.070923],
        [288.380493,159.457809,288.380493,236.532944],
        [288.380493,249.635406,288.380493,326.710388],
        [288.380493,339.754456,288.380493,417.070923]
    ]
}
